Namn;Bild
Arbetsförmedlingen;arbetsförmedlingen.png
Avanza Bank;avanzabank.jpg
Bankkund;bankkund.png
Bankkund;bankkund2.png
Comaround;comaround.jpg
Comhem;comhem.jpg
Ett stort charterbolag;ettstortcharterbolag.jpg
Industrifonden;industrifonden.jpg
Livebookings;livebookings.jpg
Medelstor bank;medelstorbank.jpg
Nordea;nordea.jpg
Projectplace;projectplace.png
Retailkund;retailkund.gif
Revisionskund;revisionskund.jpg
RPS/Polisen;rpspolisen.jpg
Skatteverket;skatteverket.png
Startup inom medtech;startupinommedtech.jpg
Statistics South Africa;statisticssouthafrica.jpg
Tobii;tobii.jpg
Tribute Tag;tributetag.png
TUIfly Nordic;tuiflynordic.png
